{"source": "neurostate_cross_arch_probe_v0_2_results (1).zip", "model": "Qwen/Qwen2.5-0.5B-Instruct", "field": "middle_prompt_last_hidden_vector", "train_variants": [0, 1], "train_rows": 40, "dimension": 896, "hidden_state_index": 12, "decoder_layer_index": 11, "raw_delta_norm": 0.33687872772185834, "mean_activation_norm": 15.449748921524241, "raw_delta": [0.005725097656250011, 0.0057373046875, 0.0067138671875, 0.013208007812499978, 0.010278320312499978, -0.003186035156249989, -0.010534667968750001, -0.0008666992187499889, 0.010974121093750011, -0.007049560546875, -0.005529785156250022, 0.005407714843749967, -0.009454345703124978, 0.020971679687500022, -0.003070068359375011, -0.0072692871093749944, 0.00634002685546875, 0.0010253906250000666, -0.0025878906250000056, 0.006396484374999956, 0.0036132812500000444, -0.005822753906250033, -0.0002929687500000111, -0.00909271240234375, -0.013598632812499956, -0.018286132812499967, -0.0194091796875, 0.007617378234863279, 0.00830078125, 0.015408325195312501, 0.03915405273437497, -0.025976562500000133, -0.015222167968749978, -0.004095458984374967, 0.002465820312499978, 0.016430664062500044, 0.006933593750000022, 0.005664062500000011, 0.007580566406249989, 0.0015853881835937497, 0.011987304687499978, -0.007098388671874997, -0.024938964843749967, 0.007482910156250022, -0.008764648437500001, -0.0016845703124999667, -0.0240478515625, -0.0069641113281249944, -0.005615234375, 0.005517578124999978, 0.005657958984375003, -0.005157470703125, -0.016470336914062494, -0.005664062499999956, 0.011254882812499978, 0.011035156249999956, 0.01214599609375, 0.022253417968750022, 0.008459472656250022, 0.019970703125000003, 0.0031677246093750056, -0.01446533203125, -0.00244140625, -0.007049560546875, -0.02412719726562501, 0.005270385742187501, 0.004003906249999967, -0.0006469726562500222, 0.0010620117187500333, -0.016748046874999978, -0.009667968749999978, -0.0045013427734375, 0.0108306884765625, 0.0033020019531249944, -0.014910888671875011, 0.016064453125000003, 0.009545898437500089, 0.004077148437500011, -0.007395935058593754, -0.002185058593750011, -0.014843750000000044, 0.0196533203125, -0.0064239501953125, -0.01068115234375, -0.018292236328125017, 0.00262451171875, -0.003527832031250011, -0.008264160156250033, 0.004553222656249967, 0.009759521484374978, 0.008587646484375017, -0.014349365234375008, -0.022460937500000028, -0.0233612060546875, 0.002557373046874978, 0.015905761718750022, -0.013452148437500006, -0.009176635742187508, 0.0028545379638671847, 0.009802246093749994, -0.017797851562500022, 0.005450439453125011, -0.01903076171875001, 0.017578125, 0.007409667968749978, 0.013208007812500006, -0.005273437499999978, 0.0079345703125, -0.006201171875000022, 0.020385742187499993, -0.0012695312500000042, -0.004016113281250011, -0.004956054687499933, -0.0012680053710937556, 0.005932617187500044, -0.0020751953125, 0.003869628906249978, -0.016442871093750006, 0.001361083984375011, -0.003771972656250011, -0.0123291015625, -0.014331054687500004, 0.0011535644531250056, 0.007543945312499967, -0.0009521484374999667, -0.0054916381835937444, 0.008441925048828125, 0.003430175781249989, -0.00738525390625, 0.011090087890625017, 0.0039916992187500056, -0.001708984375, -0.006829833984374999, 0.000994873046875011, -0.014196777343750008, -0.008636474609375, -0.02288818359375, 0.001812744140624989, -0.01416015625, -0.005419921874999997, -0.004431152343750022, -0.0003692626953124972, -0.00341796875, 0.0045166015625, 0.00875244140625, 0.020971679687500022, -0.0015625000000000222, 0.02553710937499999, 0.004003906250000022, 0.010118103027343756, -0.024658203125, 0.007305908203125017, 0.012231445312499978, -0.018798828125000028, 0.01768188476562499, 0.005364990234374978, -0.007153320312500044, 0.0043701171874999944, 0.011407470703125006, 0.00567626953125, -0.0040222167968750056, -0.004980468750000022, -0.0099945068359375, -0.010530090332031256, 0.0088958740234375, -0.011450195312499994, 0.013131713867187492, 0.0024597167968749972, 0.004956054687499933, -0.0140380859375, -0.004138183593750011, 0.003814697265625, -0.020068359374999956, 0.025732421875000133, 0.007153320312499933, 0.008103179931640628, -0.014184570312499978, -0.009423828125000006, 0.013476562500000011, -0.010510253906249933, 0.005368041992187503, 0.008398437499999911, 0.0005371093749999556, -0.00689697265625, 0.0005126953125000056, -0.002600097656250022, 0.009985351562500022, 0.008837890624999983, -0.0077270507812499944, -0.011224365234374978, -0.008447265624999978, -0.008486938476562511, -0.010998535156250044, 0.022101974487304693, -0.0050811767578125, 0.010986328125, 0.012139892578124978, -0.0007080078124999667, -0.0019287109374999667, 0.01068115234375, 0.0004150390625000111, -0.012928771972656246, 0.0018218994140624944, -0.006567382812500022, -0.0013305664062500042, 0.016122436523437506, -0.007458496093750003, -0.02064819335937501, 0.001562499999999467, -0.0184326171875, -0.0021850585937499556, 0.006152343750000011, -0.016638183593750022, -0.020877075195312497, -0.012442016601562494, -0.0027343749999999556, 0.011682128906250006, -0.01658935546875001, 0.009533691406249989, 0.0016357421874999972, -0.0027553558349609365, 0.005932617187499989, -0.0010498046875000444, -0.004321289062500011, 0.014370727539062489, 0.01654052734375, 0.01934814453125, -0.019506835937500022, -0.007788085937500022, -0.005096435546875, -0.002484130859374989, -0.0009399414062499778, 0.00128173828125, -0.013226318359375003, -0.007470703124999978, 0.019351196289062497, 0.006134033203125, -0.015545654296875003, 0.0042724609375, -0.008740234374999989, -0.001678466796875, -0.0016113281250000333, 0.007580566406250003, 0.008129882812500044, -0.007922363281250011, 0.0113525390625, 0.008166503906250011, 0.015270996093749989, 0.003271484374999911, -0.0016845703125000222, 0.005572509765624956, 0.01708984375, 0.002197265625, -0.005139160156249989, -0.001812744140624989, -0.009008789062499911, 0.0030181884765625167, -0.0274658203125, 0.0010009765625000888, -0.01662597656250009, 0.0026123046875000007, -0.0029663085937499944, 0.003027343750000022, -0.0011230468750000888, -0.006982421874999978, -0.015570068359375008, 0.008825683593749967, 0.013049316406250011, -0.0006469726562500222, 0.019335937499999956, -0.0014373779296874972, -0.0316162109375, 0.017913818359375, 0.014164733886718753, 0.0045837402343749944, -0.0018066406250001332, -0.014599609375000044, -0.00201416015625, 0.002288818359375, -0.0003479003906250028, 0.005969238281250011, 0.01068115234375, 0.0038696289062500056, 0.004504394531249956, -0.012060546875000008, 0.0010986328125, -0.017578125, -0.013964843750000067, 0.001721191406249989, -0.001232910156249989, 0.011154174804687514, 0.01092529296875, 0.008822631835937497, -0.0045715332031250056, 0.006457519531250004, -0.0035034179687499986, 0.010995483398437506, 0.004663085937499978, -0.015405273437499978, 0.0135650634765625, 0.0001464843749999778, 0.007910156250000008, 0.0016845703125000222, -0.015997314453125022, 0.0036911010742187444, -0.030725097656249978, -0.007128906250000011, -0.012274169921874998, -0.014916992187500089, 0.003881835937499911, 0.005337524414062517, -0.006188964843749978, -0.007861328124999956, -0.00421142578125, 0.009683227539062506, 0.007727050781250022, -6.713867187499445e-05, 0.018225097656250022, -0.0063537597656249944, -0.018896484375000022, 0.004235839843749999, 0.008947753906250022, 0.015649414062500006, -0.0013793945312500222, -0.0007183074951171986, -0.0052337646484375, 0.022729492187499978, 0.0009887695312500028, -0.01628417968750001, -0.018878173828124983, 0.014746093749999994, 0.0038864135742187507, -0.009936523437499956, 0.004443359374999983, -0.02323150634765625, 0.012243652343750022, 0.0027587890625000444, -0.014501953124999994, -0.005596923828124989, -0.0055145263671874944, -0.012255859374999997, -0.01715087890625, -0.010260009765625022, -0.005541992187499956, 0.002663421630859376, -0.011743164062499978, 0.01123046875, -0.0049835205078125056, 0.002307128906250011, 